name,latitude,longitude
Place Commanderie,48.6858518,6.1674456
Commanderie - Chalnot,48.6868589,6.1722364
Gare Saint-Léon,48.6895927,6.1722984
Saint-Sébastien - Saint-Thiébaut,48.6886915,6.1793496
Marché Central,48.6891697,6.1838427
Place Dombasle,48.6918509,6.1781901
Place de la Carrière,48.6945726,6.1821918
Cours Léopold - Saint-Michel,48.6957178,6.1767737
Porte de la Craffe,48.6984552,6.1779375
3 Maisons - Charles V,48.7012234,6.1769554
Conservatoire - Manufacture,48.6957309,6.1712253
Hôpital Central,48.6834257,6.1902912
Hôpital Saint-Julien,48.685891,6.1929421
Place Colonel Driant,48.6920811,6.1872489
Port Sainte-Catherine,48.69553,6.1904219
Promenade des Canaux,48.6928364,6.1963211
Porte Saint-Nicolas,48.6848122,6.1873286
Dominicains - Fourier,48.6924393,6.1833039
LCL,48.6893224,6.1726934
Parking Monseigneur Thouvenin,48.6888021,6.1780346
Kinepolis Nancy,48.6918103,6.1958243
GSILab,48.6949702,6.193588
La Place,48.6937938,6.1825077
L'Alsace à Table,48.6940166,6.1807088
Caisse d'Épargne,48.6917248,6.1778545
Caisse d'Épargne,48.6915519,6.1779872
Hôtel Littéraire Stendhal,48.6917582,6.186497
Port de Plaisance de Nancy-Saint-Georges,48.6931359,6.1935487
Théâtre de la Manufacture,48.6960807,6.1718764
La Pêche Lorraine,48.6723275,6.1729865
Université de la Culture Permanente,48.6855481,6.1705002
Hungry Sushi,48.6841479,6.1772376
Le Black Baron,48.6846961,6.1797333
Auto-École JC,48.6724402,6.1725554
Bar au dit vin,48.6910048,6.1710947
Le Ch'timi,48.6965467,6.179726
Port de Plaisance de Nancy,48.6950032,6.1918425
Port de Malzéville,48.7026599,6.1823505
L'Avant Première,48.6913546,6.1956945
Parking Dom Calmet,48.6916239,6.1811413
Fami Thé,48.6915635,6.1803795
Confédération Générale du Travail Ville de Nancy,48.69294,6.1849502
Parking Saint-Dizier,48.6892457,6.184451
Crédit Agricole,48.6893716,6.1783511
Abracadabra,48.7024634,6.1808556
Residhome Apparthotel Nancy Lorraine,48.6941144,6.1954989
La Poste Nancy Porte Saint-Georges,48.6881272,6.1919259
Pharmacie de la Salle,48.6870612,6.1888339
Espace Skate Board Oberlin,48.70344,6.185091
Pharmacie des Jardins d'Eau,48.694834,6.194108
Novotel Suites Nancy Centre,48.6927217,6.1952019
Brasserie Le Midi Pile,48.7010909,6.176654
Crédit Mutuel,48.700611,6.177871
Crédit Mutuel,48.7007994,6.177827
Pizzas,48.6921373,6.1483773
BNP Paribas,48.6881566,6.1653418
Banque Populaire,48.6880291,6.165738
Hôtel Poincaré,48.6885494,6.167189
Bibliothèque pour Tous,48.6886542,6.1675644
Auto-école Boufflers,48.693464,6.139842
Restaurant Beauregard,48.69348,6.139682
Société Générale,48.6921006,6.1680559
McDonald's,48.6900162,6.1831638
Caisse d'Épargne,48.6905692,6.1825088
Le Medea,48.6904407,6.1715852
Pizzeria Adriatica,48.6902854,6.171499
Pizza Roma,48.6900267,6.1720015
Rice and curry,48.6904159,6.1728211
Hôtel de Flore,48.6909144,6.1744682
Bouillon du terroir,48.6911257,6.1749582
Brasserie Simone,48.6896111,6.1753725
Brasserie Simone,48.6896447,6.1754813
Burger Kebab,48.6893791,6.1760135
Banque Populaire,48.6894785,6.1786853
Crystal Hôtel,48.6900334,6.1781471
CCF,48.6898427,6.1792926
KFC,48.6902061,6.1809571
Le Chagnot,48.6906688,6.1824189
Papa Fries,48.691235,6.1835947
Snack Marmaris,48.6917349,6.1851445
Le Gentilly,48.694933,6.13885
Pomme de Pain,48.6895245,6.1788275
Nancy Thermal,48.6795944,6.1671514
Marché d'Haussonville,48.672246,6.1656732
Les Deux Rives,48.6953458,6.195203
Fac de Lettres,48.6928829,6.168452
CIC,48.6898604,6.1774793
Caméo Saint-Sébastien,48.6889331,6.1787659
Parking Kennedy,48.685952,6.1739307
Zhong Pin,48.6839717,6.1730019
Presto Pizzas,48.6844606,6.1858192
Blonde — Wine and beer place,48.6901648,6.1842877
La Flamme du chef,48.690077,6.1839165
Le Coq en Fer,48.6903992,6.1847646
Blend,48.6900568,6.183854
Voyou delivery,48.6900323,6.1837773
La Julienne,48.6909478,6.1847178
El Gusto,48.6911674,6.1845888
L'annexe,48.6901411,6.1841145
Makewok,48.6900119,6.1837143
Bora Baden,48.6949714,6.181429
Papilles Alain,48.6954256,6.1810115
La Gavotte,48.6962576,6.1803447
La cave du Père Magott,48.6962154,6.1803917
Flambock,48.6944069,6.1817787
Butter,48.6952454,6.1811209
Le Speakeasy,48.6955448,6.1809391
L'intime,48.6946267,6.1814856
Carte Blanche,48.6947899,6.1815305
Banque Populaire,48.684095,6.18857
Banque Populaire,48.684099,6.188581
Le Petit Bouillon Pharamond,48.6895807,6.1752755
Quick,48.6895269,6.1761692
Jean Lamour,48.6938547,6.1827025
Les Oliviers,48.695614,6.177814
Akoya Sushi,48.7011832,6.1765845
Pharmacie de la Croix,48.7025757,6.1756487
CIC,48.7013689,6.1767562
Crédit Agricole,48.7018834,6.1762241
Little Faubourg,48.7010242,6.1775633
Pharmacie de la Craffe,48.7009567,6.177799
CIC,48.7013409,6.1767997
Crédit Agricole,48.7018476,6.1762539
Crédit Agricole,48.7018598,6.1762438
3 Maisons Kebab,48.7017923,6.1763
Brasserie de la Croix,48.7027708,6.1750331
La Citadelle,48.7010938,6.1779914
BNP Paribas,48.7007195,6.1780923
Banque Populaire,48.7028368,6.1754188
BNP Paribas,48.7006859,6.1780991
Madame,48.7004691,6.1781586
Hops Bar,48.6985627,6.1781542
La Brûlerie,48.6983813,6.1782966
The Reddington Bar,48.6997872,6.1780936
Le Pacha du Bosphore,48.6983486,6.1783256
Brasserie de la Vieille Ville,48.6978298,6.1787848
Hôtel d'Haussonville,48.6965813,6.1782616
Bistrot Gros,48.6956716,6.1778932
Pharmacie Saint-Jean,48.6895437,6.177165
La Poste Nancy Commanderie,48.6853678,6.1665169
Hôtel Mercure Nancy Centre Gare,48.6907749,6.1748147
Caisse d'Épargne,48.7016304,6.1764547
Le Souvenir,48.6897183,6.1779835
Angeluzzo,48.6919193,6.1956748
Express Bar,48.6892775,6.1753467
Qualys-Hôtel Nancy Centre,48.6894731,6.1757517
Ibis Nancy Centre Gare et Congrès,48.6893564,6.1753148
La Friterie,48.6893,6.1753373
Méat&Tacos,48.6892217,6.1755331
Bouillon Batignolles,48.6894667,6.1768479
Pharmacie Mon Désert,48.6843762,6.1783333
Le Royal,48.6844502,6.1781088
Dombasle,48.691917,6.1782446
La Résidence,48.682499,6.1775325
Brasserie Mon Désert,48.6844649,6.1788068
Le Prince,48.6853826,6.1780227
City Burger,48.6845111,6.1789726
Sécuritest,48.6836889,6.1770676
Le Bistrot d'Alsace,48.6838391,6.1890904
Viagim,48.6839589,6.1884193
BraiseMaster,48.6839456,6.1889104
Le Tassigny,48.6835644,6.1895518
Resto Istanbul Rapide,48.6836539,6.1894034
Roussel SARL,48.6839203,6.1883818
Taxiphone,48.683817,6.1891278
LCL,48.6837164,6.1892973
Banque Kolb Centre d'Affaires,48.6812393,6.1833855
La Villa 1901,48.680779,6.1824198
Mandaloun,48.6966852,6.1797462
Mac Carthy,48.6922776,6.1774743
Restaurant Le Blouge,48.6905908,6.1712453
Office de Tourisme,48.6929082,6.1830133
Parking Saint-Sébastien,48.6873844,6.1816405
Centre Lorrain de consultation conjugale et de médiation familiale,48.6956839,6.1773665
La Toq',48.6962231,6.1786761
Auto-Moto-École Duroc Carnot,48.6939284,6.1787215
Crédit Mutuel,48.6933622,6.1792837
L’Éliceur,48.6935466,6.1800342
Le Greniel à Sel,48.6935378,6.1794808
Pharmacie des Maréchaux,48.6938706,6.1803866
Factory,48.6934552,6.179662
Durex,48.6938453,6.1803708
Espace Culturel Roger Comets,48.6932412,6.1795386
Médiathèque Nabécor,48.6810624,6.1933046
Chinexpress,48.6817765,6.1924177
Olry Pizza,48.6812576,6.1932527
Maison des Jeunes et de la Culture Lillebonne Saint-Epvre,48.6952335,6.1783169
BNP Paribas,48.68112,6.1934765
Kech,48.6802559,6.1954134
Esperluette,48.6717993,6.1748366
O Panini Kebab,48.691983,6.195812
Ammé thé,48.6904306,6.1843988
Silvya Terrade,48.6908207,6.1842574
O' Pères Peinards,48.6907085,6.1843028
Pharmacie La Primatiale,48.6903218,6.1844466
Pitaya,48.6914346,6.1847706
LCL,48.6910491,6.1830214
ENGREF Centre de documentation forestière,48.6937576,6.1876848
Ville de Nancy Restaurant Municipal,48.6930046,6.1850737
Fajet,48.68724,6.1861721
La Maison du Kebab,48.6876337,6.1876071
Le Festin,48.6854617,6.1953787
Le Loritz,48.6853449,6.1957234
"Maison de l'artiste peintre Alfred Renaudin, 1902",48.6817384,6.1683993
Djerba,48.6878788,6.1877191
Hôtel New-York,48.6881147,6.1873149
Les Amares,48.6881382,6.1872731
Bureau de sécurité et de proximité,48.6881593,6.1872295
Brasserie Excelsior,48.6907751,6.1758437
Atelier des Solidarités,48.6882832,6.1879632
Café de la Terrasse,48.6877593,6.1879081
La Fantasia,48.6872645,6.1885597
Le Méditerranéen,48.6875432,6.1881922
Le Sympa,48.6873571,6.1884378
Le Touareg,48.687413,6.1879341
Brasserie Saint-Nicolas,48.6880658,6.1869329
O' Miam - City food,48.6878266,6.1873798
Resto Burger,48.6878519,6.187346
Salon de Thé Arabica,48.6877578,6.1874686
Écrivain Public,48.6883419,6.1863369
Bar à chicha,48.6888139,6.1855994
Le Djurdjura,48.6884328,6.1860193
Le Georges,48.6955207,6.1958163
Food’Lab,48.6953813,6.1945535
Pharmacie des 2 Rives,48.6950935,6.1957641
Vietnam Street Food,48.6904748,6.185034
Crédit Agricole,48.6721146,6.1729924
L'Hivervage,48.6762851,6.1770651
La Banque Postale,48.6891619,6.1777042
Auto École Vauban,48.6735732,6.1657337
Zorba,48.6896129,6.1852051
Kebab,48.6920553,6.1867043
Bar à mousse,48.6921465,6.1870188
Centre Médical Calliopé,48.6852504,6.1863651
La Quincaillerie,48.6899945,6.1844285
Chez Nadine,48.6765792,6.1774158
La Mer Égée,48.6964651,6.1791159
Crédit Mutuel,48.6881497,6.1781815
La Poste Nancy Marché,48.6888413,6.1837805
La Poste Nancy Trois-Maisons,48.7022481,6.1742768
Parking Charles III,48.6892127,6.1821523
Pizzeria Sole Mio,48.6823164,6.1653036
Clinique Vétérinaire Jean Jaurès,48.6783142,6.1870954
100 Patates,48.6924569,6.1945568
Les Nouveaux Abattoirs,48.6942969,6.197395
Auto-École Anye,48.6895921,6.1855109
Canisac,48.690488,6.1867497
Canisac,48.6906642,6.1873837
Maison d'Hôte de Myon,48.6906377,6.1874983
L'Échanson,48.6905262,6.1852131
The Burger Factory,48.6905383,6.1855315
La Primatiale,48.6904768,6.1853018
Les Bacchanales,48.6904971,6.1853775
Mon Petit Bouchon,48.6905185,6.1854576
Parallel,48.6905044,6.1851356
Le Médrevil,48.6857455,6.1610798
Tradita,48.6714347,6.1667432
Bibliothèque Américaine,48.6963657,6.176368
E-Bibliothèque Universitaire Campus Manufacture,48.6973001,6.1717403
Bibliothèque universitaire Ingénieurs GM-GSI,48.6953137,6.1929977
Accueil - Point informations,48.6952287,6.1663684
Cafétéria,48.6944496,6.1664905
Factéria,48.6953952,6.1657463
Centre Européen Universitaire,48.6936842,6.1762326
Institut de Préparation à l'Administration Générale,48.6934791,6.1754461
Buste de Grandville,48.6987704,6.1807126
Buste de Sellier,48.695769,6.1840317
Monument Claude Gellée,48.6978916,6.1822818
Statue du Gaulois,48.6976051,6.1833627
Pharmacie du Montet,48.6733106,6.1737447
Le L.E.M.,48.6948778,6.181354
Service universitaire de médecine préventive et de promotion de la santé-Nancy / Campus Lettres et Sciences Humaines,48.6937386,6.1663998
Ibis Nancy Centre Stanislas,48.6935593,6.1918667
Ibis Budget Nancy Centre,48.6926798,6.1952533
Crédit Agricole,48.6846449,6.1874017
Crédit Mutuel,48.6849422,6.1867733
McCafé,48.6899529,6.1832268
Dentego,48.6918244,6.1815595
Les Artistes,48.692872,6.1807697
Pharmacie Stanislas,48.6922786,6.1789177
Pharmacie Préparatoire Delpech Nancy,48.6765817,6.1813257
Brasserie Le Strasbourg,48.684733,6.1870567
Kounagi,48.6845275,6.1878597
Pharmacie des Vosges,48.6847581,6.1869383
Pizza Fino,48.6778504,6.1987291
CIC,48.6927064,6.197177
Il Ristorante,48.6915302,6.198797
Institut de Formation en Ergothérapie,48.6869927,6.1987295
La Marianne,48.6793124,6.1741648
Dekra,48.6827713,6.2035703
La Pizza des Gourmets,48.6824214,6.1655524
Pizza Nostra,48.6698808,6.1638232
Crazy Palace,48.6981139,6.1747736
Conservatoire Régional du Grand Nancy,48.6963669,6.1726173
Le Berbère,48.7010428,6.1779247
La Poste Nancy Plateau de Haye,48.702652,6.1516755
Pharmacie Le Tilleul,48.7033615,6.1541126
Pharmacie des Coquelicots,48.7027711,6.1520841
Caisse d'Épargne Nancy Plateau de Haye,48.7011585,6.1473712
Hôtel Stanislas,48.6946048,6.187023
Charly,48.6961833,6.1632103
Domino's,48.6965411,6.1474032
Pharmacie de la Libération,48.6974623,6.1558996
Plaise Café,48.6919498,6.1386653
Au Pain Chaud,48.6721867,6.1734297
Domino's,48.669068,6.1690031
La P'tite Pause Créole,48.7024792,6.1813396
Mille et une Saveurs,48.7026332,6.1808609
Citadelle,48.7002856,6.1777919
Maison Kanazawa,48.6728651,6.1721383
La Flambée,48.6744998,6.1753775
Pharmacie Notre-Dame,48.6742935,6.1748633
Institut Lorrain de Formation en Masso-Kinésithérapie,48.6772143,6.1877974
Le Monténégro,48.6803241,6.1879695
O'Bon Grill,48.672446,6.1724653
Au Coin de la Rue,48.695537,6.1794206
Gaufres Lorraines,48.6987249,6.183248
Leopol Kebab,48.6952511,6.1770346
Mamma Mia,48.6952735,6.1794719
L'Épicerie Chez Marguerite,48.6940359,6.1807798
L'Escale,48.6940022,6.1806455
Le Bouillon Lafayette,48.6939819,6.1805765
Le Kiosque,48.6934808,6.1780685
Musée des Cordeliers (Arts et Traditions populaires),48.697696,6.1789919
Parking Charlemagne,48.6835109,6.1626067
TT histoire,48.6924129,6.1869667
Aux Délices du Palais,48.6967368,6.1796704
Pharmacie de la Vieille Ville,48.6978081,6.1785965
Brend'Oliv,48.6986782,6.1778748
Les Frères Marchand,48.6973916,6.1789518
Le Tiger,48.6894327,6.1936902
The Tiger,48.6931987,6.1910587
Made in France,48.6926076,6.1897436
Kart'In,48.7029936,6.1838251
Malzéville Kebab,48.7035576,6.181955
Croix de Bourgogne,48.6851796,6.1719304
Marché,48.6895171,6.183311
Collège Georges de La Tour,48.6904231,6.1361457
Lycée Georges de la Tour,48.691309,6.1373232
École régionale du premier degré,48.6910364,6.135278
Crédit Agricole,48.689583,6.1818342
CIC,48.6885438,6.1815453
Crédit Agricole,48.6895005,6.1818561
Brasserie du Sacré-Cœur,48.6862,6.1621755
Eldorado Maison des Ados,48.6871084,6.165183
Église Adventiste,48.6927412,6.1802768
Sushi-Show,48.6920644,6.1959848
PopKfé,48.6922075,6.1962543
Centre de formation Forelis,48.6901902,6.1881206
Dolce Pizza,48.6776784,6.1773391
Clinique Vétérinaire,48.6767487,6.1997056
L'Arrosoir,48.6942042,6.182672
Salles Donop,48.6765454,6.173258
Domidom,48.6879748,6.1830177
Collège Claude Daunot,48.6767558,6.1800868
Lycée Professionnel Claude Daunot,48.6770925,6.1794452
Lycée Technologique Claude Daunot,48.6773522,6.1799833
Fraich’Art Bar Zinc,48.6901534,6.1724182
Foyer de l’Assomption,48.6897319,6.1710421
Le Penalty,48.689359,6.1698579
Pharmacie Saint-Léon,48.6902481,6.1722744
Hôtel des Vosges,48.6858607,6.1848067
Sun Box,48.6882605,6.1828056
Brasserie d'Haussonville,48.6706298,6.1673319
Accueil,48.687814,6.1914805
Kim Seng,48.6855276,6.1944329
Parking Saint-Nicolas,48.6873502,6.1896144
Le Chat Noir,48.6861775,6.1716936
École internationale Tunon,48.6972985,6.1736189
Brasserie Saint-Epvre,48.6960482,6.1790474
Couscousserie des Petites Familles,48.6957428,6.1794
Pinocchio,48.6963929,6.1790042
Le Vestiaire,48.6985983,6.1779271
Boteco do Brasil,48.698674,6.178448
Le Palais Gourmand,48.6986697,6.1789986
Brasserie Stanislas,48.6929777,6.1811527
Épicéa,48.6861978,6.1917071
Le Bouillon Rousselet,48.6917864,6.1842948
Hana Sushi & Wok,48.6863218,6.1918582
"La Tour de Pizz""",48.6863484,6.1916537
Yummy Sushi,48.6863998,6.1914409
Établissement Petite Enfance Jeanne Wunschendorff,48.6965539,6.1736599
Restaurant Bastion,48.6989159,6.1878591
Bibliothèque pour Tous,48.6958174,6.1899704
Le Placieux,48.6776627,6.168565
Pharmacie de la Commanderie,48.6860345,6.1676595
Crèche Louise Delsart,48.6715941,6.1672306
La Petite Cuillère,48.6980046,6.1784922
Milano Pizza,48.676218,6.1772994
GL Permis,48.6790414,6.1801633
Le Médiéval,48.6960284,6.177693
Vindiou,48.6968436,6.1792032
L'École de Conduite Française,48.6856222,6.1608188
Les Fourmis Rouges,48.6930985,6.1989108
Elite Kebab,48.6768216,6.17769
Commanderie,48.6856999,6.1673208
École élémentaire Alfred Mézières,48.7011448,6.170471
Pizza L'Ostorea,48.6694061,6.1694551
À La Bonne Gammelle,48.6892201,6.1980181
Le BoucL'Art,48.6963864,6.1923419
Parking Verlaine,48.6884877,6.1639122
CIC,48.6895795,6.1723785
Collège Saint-Léon IX,48.6884109,6.1719672
Les 3 marches,48.6898242,6.1718907
Lycée Saint-Léon IX,48.6887446,6.1718376
CIC,48.6895489,6.1725608
École Saint-Léon IX,48.6889092,6.1725574
Bibliothèque universitaire Ingénieurs ENSIC,48.6997601,6.1783995
Shawarmahut,48.6906021,6.1827307
Côté Sushi,48.6895922,6.1821433
Le V'Four,48.6967826,6.1789188
Le Petit Gavroche,48.6838932,6.1710625
Pharmacie Saint-Fiacre,48.7013858,6.1716146
Pharmacie de Bonsecours,48.6817234,6.1983078
École maternelle Alfred Mézières,48.7005331,6.1712073
Bibliothèque Haussonville,48.6708723,6.1616385
Bibliothèque République,48.6825037,6.1788965
Bibliothèque Trois-Maisons,48.7029815,6.1769024
Médiathèque Haut-du-Lièvre,48.7028782,6.1560216
Parking République,48.6873001,6.1773303
Asia Food,48.6993293,6.1900065
Piopa,48.6893137,6.1781722
CIC,48.6855453,6.1606359
Energymax,48.6863372,6.1635386
26 Corner,48.681036,6.1636653
White Dream,48.685557,6.1666699
La Fournaise,48.6857385,6.1941726
L'Assiette Sympa,48.6859684,6.1932778
Arzum Kebab,48.6835138,6.1771804
Le Bazar à Pierrot,48.6917082,6.1925664
Full house,48.6847494,6.1703788
Mauricette,48.6913335,6.1754303
Campus Food,48.6968552,6.1693988
Bibliothèque universitaire de l'IUT Nancy-Charlemagne,48.6828014,6.1609874
Institut National Spécialisé d’Études Territoriales,48.6957866,6.1960455
Chapelle Sainte-Marie-Madeleine,48.6860879,6.1843317
Vape Thé Café,48.6923402,6.1806566
Durex,48.6835518,6.1743845
Service d'Orientation et d'Insertion Professionnelle,48.6936623,6.1663444
Police Municipale,48.6981136,6.1806598
Buste d'Israël Silvestre,48.6942806,6.1823157
Buste de Ferdinand de Saint-Urbain,48.6943726,6.1822546
Auto-École Jean,48.6936956,6.1806354
La Poste Nancy Stanislas,48.6920246,6.1814257
Les Planches,48.6942385,6.1810092
La Gentilhommière,48.6940841,6.1809698
Thaï Hey,48.6941571,6.1812366
La Piazzetta,48.6941812,6.1807711
Le Bistrot de Gilles,48.694056,6.1808571
Les Fils à Maman,48.6939635,6.1805035
Sushi Kōbe,48.6803891,6.1752215
Hertz,48.6906941,6.1750143
Pharmacie de Scarpone,48.7032041,6.1631462
LCD Laboratoire Dentaire,48.6909931,6.1869744
Gare Thiers,48.6903216,6.1749702
Thiers,48.6898571,6.175055
Banque Populaire,48.6745955,6.1636248
Butter Station,48.6897495,6.1759249
Le Mortissia,48.6878267,6.1823755
Équinoxe,48.6874622,6.1826424
La Bolée,48.6877107,6.1824604
Le Bengale,48.6879449,6.1826869
Karma,48.6879143,6.1825917
Le Gibraltar,48.6879667,6.182755
Empire de Chine,48.6887141,6.1824737
Fujiyama,48.6890546,6.1831929
B'Artiste,48.6885482,6.182849
KhaoThip Express,48.6885548,6.1825303
Line Sushi,48.6886024,6.182809
Azako Ramen,48.6886189,6.1824756
Pharmacie Lafayette du Marché,48.6891101,6.1838334
Octavius Burger,48.693166,6.1823421
Racine,48.6930959,6.182087
Grand Café Foy,48.6930707,6.1827061
À la Table du Bon Roi Stanislas,48.6937541,6.1809632
Les Arcades,48.6964163,6.1794594
Opéra Café,48.6944549,6.1832195
Glaces Lorraines,48.6940344,6.1832872
Suzette & Gino,48.6941488,6.1829908
Sushi Shop,48.6926317,6.1809718
La Puce à l'Oreille,48.6929684,6.1816664
Le Phénix,48.6929423,6.1815811
Les Berthom,48.6931466,6.182253
Champêtre,48.6931141,6.1821461
Café du Commerce,48.6932025,6.1826235
Pharmacie Gambetta,48.692631,6.181972
Honey,48.6907644,6.1800554
LCL,48.6940661,6.1833911
Les Portes d'Or,48.6929204,6.1815084
Transparence,48.6930075,6.1812186
Le Café des Arts,48.6937784,6.1824583
Barami,48.6984479,6.1782253
Enterprise Rent-a-Car,48.6906012,6.1750167
SIXT,48.6911842,6.1750774
"La Fabrique, scène municipale - Nancy",48.7021441,6.1871642
Act Danse,48.6840981,6.1705787
Centre Culturel Georges Pomp It Up,48.6840458,6.1720664
Kebab Cinq Étoiles,48.6840033,6.1717037
Adagio Aparthotel,48.6936616,6.1911019
Le Cœur du Grand Nancy,48.6889391,6.1755887
Trois Petits Points,48.693451,6.1894564
EV,48.6777215,6.1685207
Top Food,48.6933748,6.1914216
Kes Original Döner,48.6934387,6.1915474
Koboon,48.6932792,6.1912234
Bar La Cigale,48.6839185,6.1889562
Central Kebab,48.6838903,6.1890038
Pharmacie Saint-Pierre,48.6833721,6.1904589
Crédit Agricole,48.6846511,6.1873774
Le clou,48.6845464,6.1877866
3 Cageots,48.6888622,6.1826448
Tacos One,48.6840394,6.1857605
Résidence autonomie Robert Chevardé,48.6980503,6.1931598
La Souris Verte,48.68165,6.1931993
Les P'tits Malins,48.6986156,6.1761586
Établissement Petite Enfance Osiris,48.6888658,6.1795752
M.Houmous,48.6864568,6.1857992
Brasserie Restaurant du Parc Sainte-Marie,48.6803748,6.1720244
Points de vue,48.6954324,6.189559
Points de vue,48.6911528,6.1753267
Points de vue,48.6979177,6.1741989
Arteteca,48.6868082,6.1710531
Durex,48.6888212,6.1676105
Banque Populaire,48.6879574,6.1658329
Noviciat des Jésuites 1602,48.6860312,6.1861133
Pascal Vély,48.6782181,6.197693
Points de vue,48.6917143,6.1859466
Mairie de Quartier Saint-Pierre,48.6821586,6.1917701
L'Olry,48.6808144,6.1939696
Le Shalimar,48.6867689,6.1853033
La Belle Mira,48.6906861,6.1727086
IAE Nancy School of Management - Campus Manufacture,48.6974692,6.1716556
Chez Xuân,48.6864445,6.1843835
Le Royal Rajasthan,48.6866017,6.1842671
PIX Pub,48.6874295,6.1830492
Crêpes Street,48.6871293,6.1836392
Le Bouche à Oreilles,48.6907323,6.1809904
Le P'tit Bouche,48.6907847,6.1809519
Le San Lorenzo,48.6923409,6.1800699
Triptik,48.6923125,6.179835
Mercure Nancy Centre Place Stanislas,48.6919815,6.1803323
Massimo Caffè,48.6925813,6.1799046
Crédit Agricole,48.6928581,6.1787373
Hôtel de l'Académie,48.6925948,6.1787368
Karrément Burger,48.6927515,6.1788138
Underground Bar CLub,48.6924729,6.1787816
Sépia Café,48.692521,6.1787885
Crédit Agricole,48.692803,6.1787768
ô cozy,48.6885804,6.1818195
Gare de Nancy,48.6897855,6.1751375
Les Restaurants du Cœur,48.6797155,6.1908887
Basic-Fit,48.6811739,6.205133
Wildness,48.6810476,6.2044594
Escape Hunt,48.6808211,6.2052625
La Fabrique de Bières,48.6954582,6.1947376
Sole Mio,48.6973939,6.1956395
Chez Henri,48.6902213,6.1851452
Foodies,48.6895645,6.1854148
Home Made Burger,48.6846441,6.1790662
Tabarnak,48.6846104,6.1789071
Shakespeare,48.6846642,6.1791665
Chez Bébert,48.69063,6.1801536
Mood Café,48.6905381,6.1819922
Au Grand Sérieux,48.6897025,6.1820006
Verdure,48.6900622,6.1817369
Pharmacie Naturabio,48.6900933,6.181459
Gaspard le Montagnard,48.6970629,6.1792171
Cabinet médical,48.6972356,6.1981656
L'Escapade,48.6925506,6.1895363
Hervé Léonard,48.7011125,6.1772785
Soleil d'Ange,48.684241,6.1632003
SG,48.6772341,6.1988375
Société Générale,48.6771892,6.1988096
Pizza Olto,48.671196,6.1667495
Perroquet,48.6922261,6.1686488
Le Verre Anis,48.692333,6.1676326
Hôtel Saint-Georges,48.6922912,6.1912463
Auto-École Nancéienne,48.7026719,6.1749283
Anim & Doc,48.6989874,6.1791795
Les 7 Bourriches,48.6930015,6.1817752
Allegria,48.6928222,6.1811871
Halte-garderie René II,48.6791547,6.1922389
Crèche familiale,48.6887903,6.1793409
Giulia,48.6887924,6.1791409
L'Escapade,48.6890002,6.1883737
Complexe sportif Paul Friederich,48.6987002,6.1394978
California,48.6932735,6.1894753
Foyer-Club Maréchal Leclerc,48.6742117,6.1741296
Les P'tits Gamins,48.678273,6.1752886
Cabinet Vétérinaire Félin,48.6925325,6.1466202
Pickles,48.6901915,6.1845087
Quokka Café,48.6902504,6.184479
Les Seigneurs,48.6982594,6.1784059
Nancy Bidouille Création Construction,48.6940289,6.1997602
Salle des Fêtes de Gentilly,48.6984023,6.1395419
La Cabane d’Achille & Camille,48.6947579,6.1702414
La Cabane d’Achille & Camille,48.6902083,6.178903
Au Tiercé,48.6768921,6.1984619
Jean Jaurès,48.6824325,6.1779467
Jean Jaurès,48.682456,6.1779347
Montet,48.6817583,6.1853456
Montet,48.6817517,6.1853175
Clemenceau,48.6749111,6.1820576
Clemenceau,48.6748933,6.1820183
Bouguignon,48.6746222,6.173618
Bouguignon,48.6746379,6.1736012
Bouguignon,48.6746153,6.173596
Bouguignon,48.6746303,6.1735828
Haussonville,48.6683224,6.1640687
Haussonville,48.6683467,6.164048
Buthegnémont,48.6927982,6.1489889
Buthegnémont,48.6928469,6.1489836
Beauregard,48.690122,6.1400773
Buffon,48.701647,6.1540441
Buffon,48.7016832,6.1540393
Alfred Mézières,48.7005282,6.1711918
Alfred Mézières,48.7005408,6.1711913
Alfred Mézières,48.7005532,6.1711908
Alfred Mézières,48.7005653,6.1711903
3 Maisons,48.7021722,6.1772152
3 Maisons,48.7022041,6.1772112
Braconnot,48.6988291,6.1797218
Braconnot,48.6988628,6.1797164
Saint-Georges,48.6964755,6.1934134
Saint-Georges,48.6964954,6.1934124
Saint-Georges,48.6965158,6.1934114
Hôtel de Ville,48.6929439,6.1835995
Hôtel de Ville,48.692981,6.1835941
Hôtel de Ville,48.6930148,6.1835891
Hôtel de Ville,48.6930517,6.1835837
Hôtel de Ville,48.6930854,6.1835788
Martiny,48.6900069,6.1963447
Martiny,48.6900326,6.1963427
Charles III,48.686775,6.1881208
Charles III,48.6867962,6.1881331
Émile Gallé,48.6815834,6.191388
Émile Gallé,48.6816073,6.1913497
Émile Gallé,48.6816321,6.1913055
Marcel Leroy,48.6827536,6.1713309
Marcel Leroy,48.6827762,6.1713286
Didion,48.6886771,6.1788067
Poincaré,48.6907878,6.1776886
Poincaré,48.69084,6.1776927
Charlemagne,48.6845647,6.1622381
Charlemagne,48.6845868,6.1622408
Charlemagne,48.6845324,6.1620665
Charlemagne,48.6845527,6.1620691
Charlemagne,48.6845735,6.1620718
Stanislas,48.6899332,6.1696662
Stanislas,48.6899671,6.1696618
Stanislas,48.6899511,6.1696631
Stanislas,48.6899819,6.1696591
Boudonville,48.6981361,6.1639001
Boudonville,48.6981622,6.1638994
Boudonville,48.698191,6.1638981
The Achievement,48.683644,6.1778197
La Cour des Arts,48.6916027,6.1826329
Driant,48.6922244,6.1877488
Maginot,48.6896936,6.1774668
École de musique,48.6919581,6.1877006
Burger Kebab,48.6897906,6.1827576
La Maison dans le Parc,48.6941849,6.1851687
Le Vivier,48.6942312,6.1815193
Sisco,48.6942573,6.181597
Le RDV,48.6906299,6.1744805
ICN Business School,48.6741379,6.1705358
Tanto Bene,48.6895214,6.1770263
BNP Paribas,48.6896006,6.178483
Marc Evangelista,48.689196,6.1772078
BNP Paribas,48.6896791,6.1787677
Armée du Salut,48.6969977,6.1914128
Natsu,48.6853514,6.1868275
IT Italian Trattoria,48.6894158,6.1815918
Le Boufflers,48.6891658,6.1614614
Kosy appart'hôtel Cœur de Ville,48.6903891,6.1749286
Néméa Appart hotel Nancy,48.6857224,6.1905244
Bagelstein,48.6903853,6.1844176
Mama Noï vs. Memphis Burger,48.6905076,6.1841307
Auto-École Patton,48.6906546,6.1711892
Hôtel Ibis Styles Nancy Centre Gare,48.6903321,6.1714605
Le Dizneuf,48.6888316,6.1823196
Alliance du Travail et de la Pensée,48.6918358,6.1882714
La Feinte de l'Ours,48.6848303,6.1867487
Pilates Inspire Home Studio,48.6763076,6.1740529
Le Relais des Cordeliers,48.6976354,6.1787121
Le National,48.6959205,6.189899
Le Petit Pain,48.6857997,6.1939212
Docteur Anne-Marie Gisquet Chabane,48.6896107,6.1720604
Ippoudo Ramen,48.6881714,6.1842767
Chez 86,48.7017526,6.1715722
Les 3 Gus,48.6937833,6.1804347
La Table de Bacchus,48.6942109,6.1814486
Casa Zaza,48.6944072,6.1816382
Jack Tavern,48.6941848,6.1812755
Le Potager,48.6941282,6.1811215
Le Palais de Shalimar,48.6943269,6.1814119
Le Comptoir de Bacchus,48.6942953,6.1813722
Le Gavroche,48.6965317,6.1793119
Docteur Bruno Stempfel,48.6749898,6.1762269
Meurthe-et-Moselle Habitat,48.6914898,6.175349
Retrogusto,48.6927735,6.1805358
Parking Ville-Vieille Carnot,48.6931824,6.177806
KLEIN Éric,48.6882881,6.1849604
(S)pace Artem,48.6735688,6.1693227
Basic-Fit,48.691256,6.2016964
Cosmic Park 54,48.6847308,6.2042686
Angelùzzo,48.6903871,6.1828886
Crédit Municipal,48.6943943,6.1804698
Auto-École Antoine,48.7030185,6.1813622
Café Cuba,48.6926017,6.1774797
Coyote,48.6922487,6.1772187
À la Maison,48.692435,6.1769615
Brasserie L'Académie,48.6925412,6.1773135
Pont 29,48.6882602,6.1820549
Le Taureau,48.6885179,6.1768416
Institut Européen de la Vision et du Regard,48.6999693,6.1440982
Mamie Branchée,48.6926649,6.1849359
Le Bras Verre,48.6961629,6.1960034
Crock & Rock,48.6934983,6.1905698
Pokawa,48.6893883,6.1814407
Points de vue,48.6938984,6.1863264
Stan,48.6953483,6.1897342
Le Mur,48.6885373,6.1815061
Le Bouquet,48.6851087,6.1867893
Marché du Plateau de Haye,48.702794,6.1531105
Keepcool,48.6892688,6.1772553
Vins et Tartines,48.6884578,6.1819096
Les Pissenlits,48.6883468,6.1819912
Gink’Go Biblio,48.6806568,6.1717354
Crédit Mutuel,48.689705,6.1848866
Crédit Mutuel,48.689729,6.1848633
École élémentaire Didion-Raugraff,48.6872285,6.1798118
Le Brunch des Garçons,48.6893129,6.1797638
Iron BodyFit,48.6899255,6.2001018
Teatime chez Tatie,48.6904852,6.1802595
Vertigo,48.690662,6.1802935
Ambassy,48.6909844,6.1755897
"Dr Guyot-Caquelin et Dr Slingard, Dermatologues",48.6852871,6.1597492
Médre Kebab Pizza,48.6856657,6.1609227
Le Snooze,48.6917301,6.1843283
Le Bagatelle,48.6941156,6.182733
Les Caves,48.6938086,6.1825551
L'Arq,48.6940248,6.1827957
Collège Guynemer,48.6873908,6.1797144
Parking Joffre - Saint-Thiébaut,48.6875732,6.1796433
Foyer Sainte-Marie,48.6853491,6.1843868
"Place de la Carrière, 1751-1753",48.6966482,6.1804438
Ordre national du mérite,48.6964967,6.180462
Naan'cy pizza,48.6835902,6.1811121
École du style et de la beauté,48.6972048,6.1737357
École des métiers de l'entreprise,48.6971836,6.1736405
O'Noodle,48.6930604,6.1819708
Ruin Bär,48.6911542,6.1820705
Wall Street English,48.6867384,6.1792064
Carpe Diem,48.688652,6.1670549
Grand Prix,48.6918288,6.1774566
Iberico,48.6845542,6.1864224
Jacques Mugnié - Hervé Anché Masseurs-kinésithérapeutes D.E.,48.6743876,6.163875
Médecine générale - Infirmiers,48.6748275,6.1634653
Cabinet Docteur Hélène QUENETTE,48.6706301,6.1705521
Amorino,48.6942769,6.1829013
Biscotto,48.6967566,6.1791317
La Muraille de Chine,48.691592,6.1758881
Adèle Millerand Masseur-kinésithérapeute D.E.,48.6738389,6.1642371
Melle Pole,48.6823662,6.1843017
Brexit,48.6902006,6.1840396
La Poste relais Nancy Jean Jaurès,48.6814225,6.178637
Nirvana,48.6910323,6.1734239
Claire Bonneville,48.6961041,6.1726793
Bernard Poirot,48.694381,6.1741233
Zeugma,48.6887476,6.184944
Médiathèque du Campus Artem,48.6739218,6.1707529
Cabinet dentaire de la Commanderie,48.6859507,6.1677622
Arthur Trognon,48.683274,6.1671133
Nadine Bertoni,48.6832536,6.1671233
École de Conduite Française - Agence Ernest,48.6821143,6.1653888
Cam'Café,48.6871181,6.1722857
Jean-François Michel,48.6871162,6.1726317
Little Delirium Café,48.6880603,6.1782701
La Forteresse,48.7010986,6.1761912
Simona Kolopp,48.67932,6.1751214
Habib Yettou,48.6815301,6.1819394
Pauline Humbert,48.6858309,6.1848578
David Dietsch,48.6858475,6.1848897
Stew Cook,48.6874487,6.1874061
Nicolas Duchâtel,48.6823396,6.1712163
billiotte,48.6876565,6.1825333
Centre d'information sur les droits des femmes et des familles,48.6918546,6.1874241
Le Capri,48.6930261,6.1813693
L'Arôme,48.6937242,6.189423
Amazigh Café,48.6938137,6.1976597
Le Palais de Jaipur,48.6941482,6.181191
Maison de Justice et du Droit,48.7013837,6.1513769
Thierry Michel,48.682581,6.1743526
Cabinet de chirurgie dentaire,48.6821007,6.1642043
Jacques Prévost,48.6842811,6.1631796
Sylvie Perrin,48.6742363,6.1675226
Estelle Redon,48.6742201,6.1674787
Jean-Pascal Fyad,48.6950275,6.1818071
Mélanie Amiot,48.6949753,6.1818482
Laura Giacomoni,48.6950194,6.1817717
Eric Blanc,48.6963233,6.1809064
Jacques,48.695688,6.1808505
Studio Elite Training,48.6965189,6.181655
Idiotopie,48.6946999,6.1816388
Bluën,48.6958438,6.1809029
La Romana,48.6945825,6.1817183
L'Amusette,48.6946153,6.1797966
Les Batteurs d'Or,48.6895924,6.1800042
Le Capu,48.692192,6.1806175
SSIAD Sainte-Marie,48.6854031,6.1843975
Bruno Delaitre,48.6869712,6.17098
Nancy Food Pizzas - Au feu de bois,48.6987985,6.1784776
La Girafe,48.7059125,6.1752284
Pizza Signature,48.6922316,6.1815227
City Kebab,48.6919224,6.1817539
Séverine Ciancioni,48.6926528,6.1812301
Sèves,48.6922902,6.1814789
Monsieur Fuji Sushi,48.6905438,6.1827744
Speebon,48.6889017,6.1837358
Tacos des Gourmets,48.6889318,6.1837135
Auto-école Virlat,48.6923852,6.1871573
Ciao Bella,48.690339,6.1846887
Gare Thiers,48.6902575,6.1756014
Résidence Art' & Facts,48.6764647,6.1694546
Cercle Nancéien de Judo,48.682157,6.1973341
Le Steakhouse,48.6816833,6.197941
Les Tournesols,48.6843506,6.1962445
Brigade des Accidents,48.7003188,6.1761599
Flem,48.6927505,6.1804214
La Corne d'Or,48.6926074,6.1804733
Musée Archéologique,48.6953566,6.1657399
Philippe Grandemange,48.6833667,6.1629999
Charle'miam,48.682767,6.1610371
Le Bistro Héré,48.6942438,6.1829243
Le petit Jean Lam,48.6939577,6.182842
Auto-école Pilote,48.6920557,6.1797675
Arbre à livres Dylan Pelot,48.6990994,6.1886237
Points de vue,48.6968206,6.1809953
Nord Est Lounge,48.6894253,6.1794839
Espace 3A,48.6863342,6.1635968
Institut de formation du CHU de Nancy,48.6778546,6.2024823
Amazon Hub Locker Anja,48.6851081,6.1610463
Michèle Colmez,48.687668,6.1728752
Hôtels (Centre Gare),48.6872775,6.172666
French Coffee Shop,48.6909491,6.1842001
Docteur Sophie Guirten,48.6871527,6.1697196
SCP Cardiovasculaire de l'Est,48.6867717,6.1685965
Craffe,48.6984956,6.17773
Cube TV,48.6923754,6.1773793
Da' Gruma,48.6921997,6.1812945
Freedom Théâtre,48.6871204,6.1850513
La Banque Postale,48.6888554,6.18377
Green Kebab & Tacos,48.6887039,6.1841329
Yom Thaï Food,48.685811,6.1860099
Audrey Didot,48.6853711,6.1613324
Anadolu,48.6865378,6.1857395
L’Èbène,48.6885172,6.1840212
Le DM's Café,48.6840954,6.1771502
Christophe Charton,48.6863493,6.1657834
Les Domaines Qui Montent,48.683947,6.1769458
Victor Lemoine,48.680721,6.1710388
Le P'tit Liégeois,48.6899018,6.1806881
Galerie de l'Atelier,48.6960605,6.1805637
Victoria's English,48.6874568,6.1706797
Hommage à Lamour,48.6938619,6.1818382
Traits d'union,48.6904339,6.1767868
Musée de l'ecole de Nancy,48.6804609,6.1663414
Bar des Carmes,48.6916673,6.1803089
Benjamin Surrel,48.6945647,6.1821316
Educarest,48.6917154,6.1811928
Guidat,48.6886183,6.1735775
Amazon Locker Louison,48.6895795,6.1733941
Green Bagel Café,48.6913157,6.1798144
La Faille,48.6915096,6.1810126
Denis Creton,48.6896476,6.1755433
Enterprise Alamo National,48.6878574,6.1784694
Cabinet médical,48.6896984,6.1762939
Le Bakoua,48.6869917,6.1827859
Cabinet de médecine générale,48.6881355,6.1845728
Khan,48.6869367,6.1828671
Cabinet médical,48.6853919,6.1667346
Billets grandes lignes,48.6895442,6.174606
Nemo Poke Bowl,48.6917286,6.1812953
Médiathèque Saint-Pierre,48.6820496,6.1918811
Valérie Canton,48.6873923,6.1627673
SCP chirurgiens dentistes,48.6913725,6.1752165
Christine Maeder,48.6851377,6.1767065
Thierry Delmas,48.6908245,6.1755419
Emmanuel Régnier,48.6984485,6.1670146
Le 31 Maison médicale de garde,48.6841972,6.1933212
Accueil,48.684166,6.1937792
Nancy - Ville d'Art de Parcs et de Jardins,48.6789282,6.1714655
ESNA Business School,48.6850963,6.1626232
Dr Rebstock,48.6859607,6.1681763
Tribunal de contentieux de l'incapacité,48.6870611,6.1646347
ECF Nancy Centre,48.6916392,6.1757052
Les Arrangés du Bocal,48.6912521,6.1806085
Cube,48.692953,6.1977299
Administration et inscriptions,48.6939465,6.1671146
Skatepark de Nancy,48.6901853,6.2024052
Circuit Agility - Commune de Nancy,48.6882345,6.1993481
Esplanade Cuenot - Salon 2 - Espace Canin,48.688246,6.1992931
Vélo Chargeur,48.6879858,6.1987695
Bienvenue dans votre espace Fitness,48.6880435,6.1987332
Volant Barreur,48.687966,6.1987911
Abdos lombaires,48.6879486,6.1987635
Patineur,48.6879261,6.1987317
Vélo elliptique,48.68795,6.1987038
Squat machine,48.6879122,6.1984747
Tai Ji Quan,48.6878733,6.1982337
Le Triple Twister,48.6880703,6.1988445
Machine à tricepts,48.68797,6.1985887
Push Pull,48.6879912,6.1989173
Pont de Singe,48.6880962,6.1990075
Marcheur double,48.688156,6.1989344
Esplanade Cuenot - Salon 1 - Espace Sport Work-Out,48.688198,6.1990812
Esplanade Cuenot - Salon 1 - Espace Sport Work-Out,48.6882101,6.1991054
Société Générale,48.6901408,6.1828199
Burger King,48.6904187,6.1826188
L'Instant Pause,48.7055896,6.1764255
Tom Pouce,48.6911215,6.1487965
Louis Majorelle,48.6800136,6.1655341
Extrait du discours du Congrès de la paix 21 août 1849,48.6896685,6.17285
Pharmacie Centrale,48.6905458,6.1802133
Pharmacie Gérard,48.6888354,6.1676561
Pharmacie de la Gare,48.6897202,6.1757241
La Casa Victoria,48.6906172,6.1843979
Saveurs et Parfums d'Italie,48.6894546,6.1826392
Big Burger,48.6923165,6.1676955
Carrefour,48.689327,6.161779
L'impromptu,48.6892954,6.183238
Taxy 18 Nancy,48.6755475,6.1952738
La Camaraderie,48.6931013,6.1816162
Los Tacos,48.6896121,6.1855823
King Pizza,48.6924674,6.1418698
Le Palais de Chine,48.6830372,6.190395
L'Ostorea II,48.7033911,6.1542142
Pidélice,48.6900831,6.1721897
Chingu,48.6938481,6.1807387
Bagel & Salsa,48.6731241,6.1733491
Resto' Cours Léopold,48.6950159,6.1772029
Les 3 ours polaires,48.6886326,6.1788676
La Détente,48.7010706,6.1696645
Halte-garderie Jeanine Bodson,48.7005835,6.1463329
Médreville,48.6853718,6.1610793
Saint-Epvre,48.6953065,6.179787
Foyer Maraé,48.6927866,6.1883379
Mankind,48.6851697,6.2053066
Le Chardon,48.6855063,6.1865969
Nemea Appart'Hotel,48.685751,6.1820782
Patati Patata,48.6806948,6.1760773
Villa Majorelle,48.6850123,6.1643147
Maison du Vélo,48.6923941,6.1848545
Artem,48.6747373,6.1705993
Charles III,48.6886542,6.181784
Atelier Courant d'Art,48.6887695,6.16744
Espace FitPark,48.679912,6.1714943
Emile Coué,48.6814914,6.1709243
P+R Les Deux Rives,48.6946794,6.1966673
Port de Plaisance,48.6920413,6.1934942
Vache Burger,48.6905854,6.1854217
Objectif Code,48.6924029,6.1792511
Stan Kebab,48.6931686,6.1818375
L'Arsenal,48.6968892,6.1776717
La Poste Nancy Leclerc Les Deux Rives,48.6952037,6.195998
La Poste Nancy La Lotharingie,48.6976623,6.1786948
La Poste Nancy Tabac Touati,48.6840009,6.1888023
Auto-école Léonard,48.6950268,6.1953709
Bière de Dombasle,48.6841893,6.1787853
Le Kreu,48.6953891,6.1805621
L'arbre suspendu,48.6990121,6.1777696
Amazon Locker Léna,48.6952682,6.1958715
Hôtel de Rogeville,48.6949261,6.1813203
Au Soleil de Provence,48.684422,6.1779713
Location E.Leclerc,48.6951137,6.1960736
Sabine Gillot,48.6920076,6.1795494
Maxime Guyot,48.6919968,6.1795295
Weng Hoak,48.6896912,6.1808431
Didier Noël,48.6925846,6.1818869
Auto-École Toulon,48.7030628,6.1530857
Le 27,48.6922505,6.1807965
Centre d'Allergologie de Gentilly,48.7008609,6.1401278
Khao Thip,48.6887846,6.1826749
Bodyhit,48.6882009,6.1831042
Little Garden Daycare,48.6882974,6.1742111
Résidence Carmes,48.6922648,6.1801475
Babychou Services,48.6749685,6.1759
Maltazar,48.69039,6.1850441
Michel Joseph,48.6883141,6.184442
Gérard Ehrmann,48.6843412,6.1774414
Claude Weber,48.6825546,6.1683205
La Patate Gourmande,48.6896627,6.1849364
Parking Saint-Léon,48.6892101,6.172813
Bon’t,48.6889241,6.1920556
Docteur Fabienne Donner; Docteur Bénédicte Vilain,48.6716633,6.1723923
Kebab Melissa,48.6877466,6.1834543
Place Saint-Epvre,48.6961138,6.1795289
Artothèque 379,48.6964237,6.1460682
AP² Soutien Scolaire,48.6794813,6.1806096
KungFu nouilles,48.6894843,6.1809969
Au Merle Blanc,48.6895521,6.180947
Hervé Bize,48.6923603,6.1818689
La Maison Chinoise,48.6845451,6.1785517
Arelia,48.6774164,6.1791969
Cabinet médical,48.6766638,6.1779695
Dallo,48.6907057,6.1819169
Voyou,48.693093,6.1815642
Au Papa Guy,48.692881,6.1814324
Anne Schmit-Ansel,48.6889212,6.172995
Lorraine Pierres Investissements,48.6940651,6.183353
Cabinet de rhumatologie,48.6886999,6.1732143
Thé citron,48.6930096,6.1818397
IAE Nancy School of Management,48.6738678,6.1708054
Daniel Bourger,48.6840791,6.1803354
Radio club F6KIM,48.6825447,6.1790877
Myriam Auque,48.6814456,6.1671148
Amina Zaghzi,48.6827586,6.1773447
Centre Alliance Vision Nancy,48.688276,6.1757789
Florence Mayer-Coupin,48.6827729,6.1773327
Angelina Coffee,48.6917172,6.1850892
Cabinet dentaire,48.6901947,6.1725561
Reynette,48.6821032,6.1642435
Meublé de tourisme,48.6893005,6.1933095
Université de la poste,48.6889544,6.1926623
L'Alpa,48.6911445,6.2021765
Ormes Lutèce Nanguen,48.6809735,6.1717586
Compost54,48.6818315,6.173762
Céline food,48.6893584,6.193728
Olivier Desnoyers,48.6908908,6.1739508
Infirmier Giacovelli Damien,48.6775238,6.1686908
Étirement,48.7027059,6.1475024
Tractions,48.7035463,6.1470806
Pas de Géant,48.7040886,6.146633
Saut de grenouille,48.7048493,6.1491016
Espalier double,48.7042569,6.149362
L'Express Take Away,48.6891906,6.175395
Up To You,48.6945234,6.1817557
La Traviata,48.6967073,6.1797136
Kimchi Bap,48.6847087,6.162985
L'Autre Marché,48.6937865,6.1994326
Place Mandela,48.6943208,6.1837873
Maison Marcel Callo,48.6892327,6.1715034
Pascaline Spaëth,48.6833397,6.1782822
Bpifrance,48.685809,6.1814447
Parcours de santé,48.7020691,6.1480059
Poutre d'équilibre,48.7031058,6.150024
Galerie Neuf,48.693704,6.1807718
Galerie Lillebonne,48.6952564,6.178485
My Monkey,48.6888951,6.19148
Institut des sciences du Digital Management & Cognition,48.6974346,6.1716956
Bibliothèques de Nancy - Médiathèque Manufacture,48.6967185,6.1713306
LCL,48.689339,6.1727471
Take'n Eat,48.688777,6.174094
Laisse Le Bon Temps Rouler,48.6884809,6.1741353
Goddyn's,48.6884475,6.1740391
Auto-École Nancy Vauban,48.686854,6.1717838
O'Pacha Kebab,48.6867126,6.1713431
Pharmacie Jeanne d'Arc,48.6866074,6.1714087
Les P'tits Oignons,48.6864467,6.1713026
Terroirs,48.6813869,6.1662058
Le Cadet,48.6820217,6.1659939
Le Dolls Club,48.6827788,6.1688861
Pharmacie des Thermes,48.6785174,6.167598
Auto École Nancy Thermal,48.6783373,6.1677587
LCL,48.678006,6.1681123
La Brasserie des Bains,48.6782373,6.1696248
Senior Compagnie,48.6750005,6.1633356
Banque Populaire,48.6746525,6.1635817
Chiche et Bon,48.672665,6.1649222
Pharmacie d'Haussonville,48.672777,6.1648098
Pizza Hut,48.686047,6.1715743
Centre d'hemodialyse,48.7025608,6.1394152
Galerie des Michottes,48.6926817,6.1789076
Starbucks,48.6894082,6.1766518
Thé Việt,48.6897582,6.1807932
Google Atelier numérique,48.692378,6.2009623
Le Local,48.685958,6.1689457
Toup'ti Gym,48.6857928,6.1702125
Auto Contrôle Croix de Bourgogne,48.6857629,6.170395
La Yourte,48.6865396,6.1707586
La Plantation,48.6909221,6.1744872
Bar du théâtre,48.6960818,6.1717319
Durex,48.6974492,6.1559123
Hôtel Campanile Nancy Centre - Gare,48.6916735,6.1754872
Les Deux Palmiers,48.6921361,6.1784534
Caisse d'Épargne,48.691638,6.1779211
La Voie Bleue,48.7041238,6.1753229
La Voie Bleue,48.7041013,6.1740596
Bloc Session,48.6844372,6.2025882
Société Générale,48.6955713,6.1768044
Le passe-livres,48.6836496,6.178263
Karadeniz,48.6923005,6.1794647
Cours Pilates,48.6871311,6.162673
Sculpter un jardin à l'échelle humaine,48.6833004,6.1607295
Shamaï Haber,48.6832034,6.1609481
Salle Raugraff,48.6896798,6.1810967
Club Café,48.6897324,6.1809788
Chamas Tacos,48.6899017,6.1808559
KeepCool,48.6718725,6.1727385
Hôtel Stanley,48.6893328,6.1782306
Poké Bar,48.689573,6.1810953
Kung Fu Nouilles,48.6895092,6.1809785
Le Petit Monde de Barnabé,48.6887672,6.1821842
Monument Funéraire,48.6802143,6.1650398
Ancienne Porte Cochère Des Ateliers Gallé,48.6803938,6.165657
Aquarium,48.679945,6.1656219
Fabul'eau,48.6773873,6.1862166
Atelier national de recherche typographique,48.6747739,6.1699019
Appart'City Nancy,48.6925998,6.1981545
Barbara Kitchen,48.6893234,6.1798208
Piperno,48.6892573,6.1804359
Parcours Jean Prouvé,48.7006293,6.1624448
Galerie Victoria,48.6906545,6.1855228
La Voie Bleue,48.6991476,6.1891074
La Voie Bleue,48.7000581,6.1885723
La Voie Bleue,48.7023237,6.1824241
La Voie Bleue,48.7030166,6.1815799
La Voie Bleue,48.7031801,6.1813284
Made in France,48.6765477,6.1693927
Bread and Coffee,48.6766388,6.1693244
Le Jardin des Thermes,48.6760186,6.1697988
EDG Conduite,48.6750538,6.1705221
Snack Blandan,48.6744682,6.1709682
Bonidé,48.6740459,6.1712577
Câlins et Trottinettes,48.6738525,6.1720902
Émilie Sushi Bar,48.6734963,6.1735683
Made in France,48.6966359,6.1791435
Hôtel Foch,48.6886617,6.1737433
Les p'tites graines Montessori,48.6706145,6.1711335
Pharmacie du Ginkgo,48.6917889,6.1834813
CIC,48.6915645,6.1836216
Berlin Kebap Haus,48.6932343,6.1897813
Les Cousins,48.6901399,6.1716185
La Voie Bleue,48.6921555,6.1941332
La Voie Bleue,48.6957691,6.1915033
La Voie Bleue,48.6960541,6.1913162
La Voie Bleue,48.6943381,6.1926064
Villa Thermae,48.6792834,6.1681828
MadCat,48.6966314,6.1792603
Le Bar du Crystal,48.6901445,6.1781096
Arcane Game,48.6810946,6.194152
Group Hug,48.7020732,6.1872167
Antoinette Restaurant Nancy,48.6914161,6.1881767
Objet Urbain Vraiment Non Identifié,48.6835748,6.1851646
L'Atelier 35,48.6880922,6.1821784
Yom Thaï Food,48.6881775,6.1821157
Le Coup de Fourchette,48.6881272,6.1821527
Laura Blattner,48.6712344,6.1663834
Station réparation & gonflage,48.6941224,6.1650467
Thé Viet,48.6897326,6.1807884
Group Hug,48.6834025,6.1904099
Allo Pizza,48.6892479,6.1611466
Aqua Sirouna,48.6853717,6.1862228
Vaudémont,48.6944446,6.1821125
B comme bœuf,48.6892571,6.1831208
Parcours touristiques,48.6816339,6.1715259
La Verdine,48.6819854,6.1648958
Café du Bon Coin,48.6821691,6.1659823
Pharmacie Giphar,48.6827215,6.1659617
Maxi Kebab,48.6830069,6.1661417
Régalo Pizzas,48.6835943,6.1684084
Bibliothèque Pour Tous,48.6834698,6.1733286
Pharmacie Saint-Joseph,48.6835203,6.1742718
Mairie de Quartier Mon Désert,48.6847625,6.1792726
Parcours touristiques,48.6792854,6.1673879
Bestiaire Inabstrait,48.681948,6.1787328
Charlie Coworking,48.7018342,6.1729574
Points de vue,48.6943319,6.1828103
Points de vue,48.6935786,6.1831576
Collège Montessori Grand Est,48.6860649,6.1688289
Photomaton,48.688093,6.1816919
Le village Afrotaste,48.6891666,6.1943737
GOMU,48.689428,6.1810191
Bistrot Georgette,48.6919515,6.1863774
L’Arborio,48.6968744,6.1794531
54 Cocktails Bar,48.6947489,6.1797119
Photomaton,48.6896709,6.1744996
Photomaton,48.6897624,6.1744632
Photomaton,48.6895631,6.1733668
L'Ardoise,48.6938711,6.1807861
Osaka Street Food,48.6939141,6.1809602
Papa Joe,48.6940446,6.181485
La Cerise sur le Gâteau,48.6942492,6.1817521
Starbucks,48.6911008,6.1831815
LCL,48.6910037,6.182882
Salon de Thé Batt,48.6912614,6.1842402
Le Mont Liban,48.6914452,6.1842475
Godot & Fils,48.6914163,6.1841585
Pharmacie de la Cathédrale,48.6917932,6.1853245
Trattoria San Giorgio,48.692296,6.186887
Crédit Coopératif,48.6921947,6.1865797
Brasserie Saint-Georges,48.6921629,6.1864714
Café Des Trolls,48.6918347,6.1854517
Les Docks,48.6916585,6.1849085
Le Schmilblick,48.6919878,6.1864915
Madame Bergamote,48.6945446,6.1815557
L’Auberge Francine,48.6726803,6.1940608
Caméo Commanderie,48.6870352,6.1721765
BBC,48.6901353,6.1795795
Khao Thip,48.689402,6.1746198
Ensemble de ferronneries,48.6904165,6.179561
Group Hug,48.6866816,6.1813842
Secours Populaire Français - Antenne de Nancy Charmois,48.6693948,6.170358
Secours Populaire Français - Antenne de Nancy-Étoile,48.680565,6.1817416
Saurupt,48.6804504,6.181809
Les Jardins d'Esther,48.6982103,6.1743055
Camille Cavallier,48.6932721,6.1652613
Nonna,48.6933618,6.1984759
La Mandarine,48.6932113,6.1818967
Le Majeur,48.687469,6.1802162
Vélo Elliptique,48.6931904,6.159469
"Rameur ""R"" avec Vérin Réglable",48.6931714,6.1594281
Aromatiques,48.6929853,6.1591821
Légumes - Graines,48.6929712,6.1591959
Légumes - Bulbes,48.6929571,6.1592097
Légumes - Racines,48.692943,6.1592235
Légumes - Feuilles,48.6929289,6.1592373
Légumes - Fruits,48.6929148,6.1592511
Fruitiers,48.6928939,6.1592453
Foodies,48.6934203,6.1903245
"Centre médical dentaire, d'ophtalmologie & d'allergologie",48.6928613,6.1895248
Charles,48.6952516,6.1812948
Cheesy,48.691592,6.184691
Cafet’ Pôle Herbert Simon,48.6970113,6.1707517
Aides,48.6922239,6.1801852
Marie FRIOT,48.6869903,6.1646006
Benjamine BATTA,48.6869875,6.164588
Centre Édouard Will,48.6956504,6.1664133
Hédoné,48.6969751,6.1726838
French Trattoria,48.6964341,6.1727994
Église Évangélique Baptiste de Nancy,48.6929822,6.1798581
Le Comptoir Saint Michel,48.6969222,6.1791839
Herz,48.6903792,6.1757971
Nancy,48.6899127,6.1756043
Vallée du graff,48.7030146,6.1871721
P'tit Fauve,48.6890597,6.1725725
Ciğköftem Nancy,48.6920709,6.1861863
McDonald's Nancy Gare,48.6899989,6.1742377
Mon Désert,48.6841068,6.1764239
Gilio's Pizza,48.6825311,6.1742383
Lys dans la vallée,48.6863349,6.1716012
"Cabinet de médecine générale - Frank Pilcer, Marie Hénart",48.6893562,6.1803716
L'Etna,48.6862192,6.1699424
Maxdrive,48.6920006,6.1865401
Bar L'Agence,48.6977428,6.1775284
La Petite Farandole,48.6904637,6.1970595
KeepCool,48.6864084,6.1706385
Chapelle de l'Institution des jeunes aveugles,48.6889461,6.1601253
Food by night,48.6845098,6.1728633
Corinne Joly,48.6967024,6.1780261
Hôtel d'Haussonville,48.6965485,6.1782972
Hôtel de Ligneville,48.6974761,6.1788839
CLV,48.6886075,6.1735382
L'échange,48.6834432,6.1917881
Bureau d'information,48.6839861,6.1894739
Relay,48.6851876,6.1921186
Affichage libre,48.6817529,6.1911665
Chapelle de la Visitation,48.6917511,6.1793167
Le petit Badiem,48.6941028,6.1817241
ADA,48.6839327,6.188414
Au p'tit bio,48.6893213,6.1830928
Clément Graber,48.6927653,6.1780884
La terre en pause,48.6808159,6.1715719
Alexandre Srouji,48.6917955,6.1722578
Easywork,48.6907326,6.1747685
On Air Fitness,48.6782121,6.1997383
Basic-Fit,48.6926893,6.1843846
Armée du Salut,48.6969658,6.1914848
Armée du Salut,48.689473,6.1792946
Église Un Chant Nouveau,48.7024209,6.174745
Harlem Smash,48.683122,6.1902211
Église « La Victoire de Dieu »,48.702801,6.183407
Lysiane Marchal,48.6879556,6.1706552
Cyclopark,48.6876081,6.1796482
Où est le singe ?,48.6935868,6.1908393
Maddak,48.6989718,6.1790839
Wallace,48.6951921,6.1800138
ZENTITUDE,48.6890375,6.1948587
Centre Dentaire,48.691198,6.1834301
Bar des Vedettes,48.6856001,6.1860045
Accro Plongée,48.7023748,6.1911453
Association des Artistes Lorrains,48.6805901,6.194922
Polmard,48.6923761,6.1791592
Acadanse,48.6904312,6.1802607
L'Échiquier,48.6875973,6.1730528
Ça Krousty,48.6831739,6.190158
Carsi Besiktas,48.6830671,6.1903087
ALBA STUDIO,48.6920771,6.1763448
Isabelle Vautelin,48.691814,6.1722713
Indigo,48.6882052,6.1808535
Indigo,48.6882656,6.1811023
Photomaton,48.6878383,6.1806581
Take a Break,48.6914874,6.176325
BB bioburger,48.6874373,6.1806984
Le palais à roulettes,48.6870581,6.1807021
Craft Bar,48.6871854,6.1805844
La pizza de Nico,48.6872529,6.1808286
Emilie and the cool kids,48.6873396,6.1803951
Nicolas - Allegro Musique,48.6889262,6.1610768
Emma - Allegro Musique,48.684561,6.1707069
Gaetan - Professeur de musique,48.6901369,6.1659805
BeePlex,48.6899317,6.1768517
Pigier Nancy,48.6888187,6.198694
École International Tunon,48.6929275,6.1787036
Plantis café,48.6815179,6.1662014
Club Pilates,48.6929826,6.1906118
Stych Auto-École Nancy,48.6856322,6.1607996
Photomaton,48.6972956,6.1673239
La bagagerie du 32,48.6882596,6.187962
Ibis Styles Nancy Centre Gare,48.6903283,6.1714032
Waffle Factory,48.6895052,6.1802617
Centre de Dermatologie,48.6931265,6.1893142
AMOS ESDAC,48.6897675,6.1800732
WIN Sport School Nancy,48.6972912,6.1736817
Dr Jean-Pascal FYAD,48.694924,6.1814521
